time,range,yaw
37.5,31,4.6
43.5,0,0
47,6.2,3.029203673
50.9,0,0
84.7,31,1.458407346
89.8,0,0
98.3,6.2,6.170796327
