time,range,yaw
64.6,60,1.86
67.9,0,0
81.5,10,0.289203673
84.7,0,0
143.2,60,5.001592654
147.2,0,0
158.5,10,3.430796327
