time,range,yaw
38.2,34,1.86
42.1,0,0
55,10,0.289203673
58.1,0,0
91.6,34,5.001592654
95.4,0,0
105.1,10,3.430796327
